"Metric","N_random","Mean","SD","Median","Min","Q025","Q25","Q75","Q975","Max"
"MinPD",1000,3.74761540585055,2.38180308492438,3.13275319,0.2136514338,0.3465695404,2.098326291975,4.824053480525,9.525250274,13.3266718994
"MeanPD",1000,66.3526776139802,2.09447580179689,66.8059229300061,51.0484555682795,61.1060634091999,65.3962773199607,67.7292758393471,69.0229481998919,69.9969910304796
"MeanNND",1000,19.147668859763,3.20357462805101,19.004283773677,9.43547559857,13.2669852642099,16.9326837012187,21.2193520034,25.6988848416809,31.832511158034
"MaxPD",1000,85.9864912105744,5.76349597543782e-07,85.9864912656,85.98648946514,85.98649013199,85.9864907922,85.9864916143,85.9864923447,85.9864928776
