"Subset_Type","Lambda","Metric","Mean","SD","Q025","Q500","Q975","Interval_Width_95","N_Sim"
"dispersed",1,"RMSE",0.310233192250831,0.0622856952154465,0.220805831199596,0.298541212699265,0.461808785706013,0.241002954506417,10000
"dispersed",1,"MAE",0.25248836425658,0.0561610886734728,0.175632694052674,0.240863207062821,0.392701404039353,0.217068709986679,10000
"dispersed",1,"R2",0.863481530059999,0.0764260878173478,0.664174649498135,0.882022979870143,0.953545976084346,0.289371326586211,10000
"clustered",1,"RMSE",0.283824796271408,0.14394968713389,0.125322898711754,0.239158461317071,0.648452169595596,0.523129270883842,10000
"clustered",1,"MAE",0.2535562404219,0.147629577506536,0.0991835966481131,0.203270012711109,0.6314387735551,0.532255176906987,10000
"clustered",1,"R2",0.480983261326965,0.633895038155222,-1.24957060178646,0.715092793238956,0.936931495618822,2.18650209740528,10000
