"Subset_Type","Lambda","Metric","Mean","SD","Q025","Q500","Q975","Interval_Width_95","N_Sim"
"dispersed",1,"RMSE",0.980021477465902,0.192596469081191,0.698740319148018,0.946291982920482,1.45369287079692,0.754952551648903,10000
"dispersed",1,"MAE",0.79710903103131,0.173608295853604,0.556427564023268,0.762927226308546,1.23550693538125,0.679079371357984,10000
"dispersed",1,"R2",-0.363667685880459,0.738803082332901,-2.29517459131733,-0.193550195540185,0.525946662739803,2.82112125405713,10000
"clustered",1,"RMSE",0.903826313442235,0.446968272611291,0.400660257752402,0.774801064835812,2.0436446547186,1.64298439696619,10000
"clustered",1,"MAE",0.807488660362004,0.458492856924384,0.317979977657323,0.662659606392371,1.98711064006837,1.66913066241105,10000
"clustered",1,"R2",-4.22253000803306,6.13769531536801,-21.3508935489601,-1.99313056873621,0.349570193500365,21.7004637424605,10000
