"Metric","Observed","Null_Mean","Null_SD","Z_Score","P_Value","Percentile"
"MinPD",10,2.298,0.511329108752335,15.0627059327665,0.000999000999000999,1
"MeanPD",18.9173387096774,16.2815060483871,0.651171996556017,4.04782864624243,0.000999000999000999,1
"MeanNND",11.34375,6.29946875,0.533722928001798,9.45112339259109,0.000999000999000999,1
