"Model","Pattern_K","Pattern_Lambda","Pattern_MoransI","Clustered_Mean_K","Random_Mean_K","Dispersed_Mean_K","Clustered_Mean_Lambda","Random_Mean_Lambda","Dispersed_Mean_Lambda","Clustered_Mean_MoransI","Random_Mean_MoransI","Dispersed_Mean_MoransI"
"Lambda1",FALSE,TRUE,TRUE,0.906603846892237,0.992236146413319,0.983289009427232,0.786728904001882,0.723272449229751,0.499700663432066,0.0724003926884732,0.0161786896160523,-0.0276098621653897
"Lambda0.7",FALSE,TRUE,TRUE,1.04122446236972,1.00271838111341,1.02046930017793,0.819624050015851,0.728794511950079,0.575915784054051,0.0991938946386734,0.0180603245806204,-0.0237989350462533
"OU_alpha0.2",FALSE,TRUE,TRUE,0.641334582174191,0.693912526194253,0.777451226608854,0.536833275532893,0.342938798519586,0.172308295611512,0.0297041995356421,-0.0214684471669346,-0.0485798452433745
"OU_alpha1",FALSE,FALSE,TRUE,0.425495744288695,0.569981601353885,0.754067528268477,0.105106422675009,0.132131619102877,0.150758404405727,-0.0409264960822968,-0.0500367373167313,-0.0533235140474709
"OU_alpha5",FALSE,FALSE,FALSE,0.392224213292396,0.563298273255124,0.761967886819712,0.0699385455010427,0.126151441360792,0.144246501238524,-0.0581309271293942,-0.0519148065146587,-0.0526868451654474
