"Model","Pattern_K","Pattern_Lambda","Pattern_MoransI","Clustered_Mean_K","Random_Mean_K","Dispersed_Mean_K","Clustered_Mean_Lambda","Random_Mean_Lambda","Dispersed_Mean_Lambda","Clustered_Mean_MoransI","Random_Mean_MoransI","Dispersed_Mean_MoransI"
"Lambda1",FALSE,FALSE,FALSE,0.918344089869121,1.20147500321886,1.16707128756801,0.817253452838271,0.974101440368934,0.950684420625562,0.106847975747487,0.420521442432576,0.320502121313539
"Lambda0.7",FALSE,FALSE,FALSE,0.946251431210601,0.98927021891273,0.910989754699977,0.861841409185549,0.968219702216543,0.946420977463369,0.11619746740331,0.405399384403601,0.305435878137907
"OU_alpha0.2",TRUE,TRUE,TRUE,0.50976492415908,0.100423589408681,0.0911032613461647,0.713145701334576,0.669843575760044,0.454054702133707,0.042811414130247,0.0422758639899243,-0.0464556471208384
"OU_alpha1",FALSE,FALSE,FALSE,0.30081341214969,0.0760812378884825,0.127443408811602,0.549817252643351,0.576370491414019,0.518734156309919,-0.0446411615442291,-0.048573916169085,-0.0424337389101548
"OU_alpha5",FALSE,FALSE,FALSE,0.268640461165352,0.0750628807648874,0.155288255707989,0.488948864180557,0.57774062403403,0.613529529013104,-0.0562172671755976,-0.0532837809232796,-0.0451303944801368
