"Model","Pattern_K","Pattern_Lambda","Pattern_MoransI","Clustered_Mean_K","Random_Mean_K","Dispersed_Mean_K","Clustered_Mean_Lambda","Random_Mean_Lambda","Dispersed_Mean_Lambda","Clustered_Mean_MoransI","Random_Mean_MoransI","Dispersed_Mean_MoransI"
"Lambda1",FALSE,TRUE,FALSE,0.962791522720712,1.01711016252421,1.01434999106904,0.519094753407104,0.487196731814944,0.363550052539983,-0.204793424076003,-0.183086835476448,-0.23782180127157
"Lambda0.7",FALSE,TRUE,FALSE,0.979131684329385,1.0191264022133,1.02831296321308,0.502521695609113,0.499435736299737,0.438312554051236,-0.223182200987047,-0.184099558586972,-0.236661908035768
"OU_alpha0.2",FALSE,TRUE,TRUE,0.939209996074546,0.880057074248633,0.926019308059726,0.467641397067837,0.366108260348668,0.359855729199544,-0.213356533046646,-0.215739165735,-0.252401549543997
"OU_alpha1",FALSE,FALSE,TRUE,0.843837059057297,0.797495838202871,0.94881550652633,0.339576409911952,0.291346811041556,0.302667026404219,-0.243828038315824,-0.245565465990076,-0.248357198824953
"OU_alpha5",FALSE,TRUE,FALSE,0.898488689101013,0.783113053034928,0.921556796533376,0.430250825324008,0.269220616054089,0.242085530553445,-0.243770455836624,-0.25148765323729,-0.250825327660078
