"Metric","Heuristic","Exact","Gap","Rel_Gap_Pct"
"MinPD",9.58422099505443,9.58422099505443,0,0
"MeanPD",17.2102632334615,17.2102632334615,0,0
"MeanNND",9.69893626655885,9.69893626655885,0,0
