"Metric","Observed","Null_Mean","Null_SD","Z_Score","P_Value","Percentile"
"MinPD",9,3.928,1.55603253090584,3.25957195576583,0.001998001998002,1
"MeanPD",11.4,8.6346,0.978631984231335,2.82578134023698,0.000999000999000999,1
"MeanNND",9.6,5.8176,1.1734509905519,3.22331314256343,0.000999000999000999,1
