"Comparison","MinPD_diff","MeanPD_diff","MeanNND_diff","A_better"
"A_vs_B",3.08439860637251,-0.604515216923019,0.132460021536312,TRUE
"A_vs_C_meanpd_only",12.1242726229993,-36.1289717825064,11.9470065464848,TRUE
"A_vs_D_minpd_only",1.7366430019668,1.41605694598861,0.600637523558619,TRUE
"A_vs_E_meannnd_only",4.02750836288795,13.1120879854937,-0.304448558838059,TRUE
"C_vs_D",-10.3876296210325,37.545028728495,-11.3463690229262,NA
"C_vs_E",-8.09676426011133,49.2410597680001,-12.2514551053228,NA
"D_vs_E",2.29086536092115,11.6960310395051,-0.905086082396679,NA
