"Metric","Observed","Null_Mean","Null_SD","Z_Score","P_Value","Percentile"
"MinPD",12.9253625441105,3.12174253590292,0.608749076686676,16.1045336800626,0.000999000999000999,1
"MeanPD",93.879082601104,85.8687165517388,8.9445695659765,0.895556347376977,0.18981018981019,0.811
"MeanNND",14.1961770815713,8.89087640810489,1.20213880631268,4.41321804570916,0.000999000999000999,1
