"Algorithm","MinPD","MeanPD","MeanNND","Subset_Size"
"A_main",11.7320973428549,98.9847450833971,13.3965861595345,20
"B_greedy_only",11.5475283269166,92.1547874621419,14.0266658620244,20
"C_meanpd_only",1.98848602712144,130.709849009388,2.86479768003414,20
"D_minpd_only",9.69800471125433,85.1584258876883,14.4528274545916,20
"E_meannnd_only",11.6330761567853,80.9757097005584,15.1642039238643,20
