"Tree","N_Tips","Subset_Size","MinPD_Observed","MinPD_P","MinPD_Z","MeanPD_Observed","MeanPD_P","MeanPD_Z","MeanNND_Observed","MeanNND_P","MeanNND_Z","Significant"
"large_balanced",256,20,11,0.000999000999000999,7.09343787524397,20.3894736842105,0.000999000999000999,5.36028178097582,13.25,0.000999000999000999,7.75860890801137,TRUE
"large_ladder",256,20,14.1127586501207,0.000999000999000999,17.9726965283478,93.5511355985211,0.203796203796204,0.847759586654919,14.8329439009378,0.000999000999000999,4.94284667034385,FALSE
"small_balanced",32,5,9,0.001998001998002,3.25957195576583,11.4,0.000999000999000999,2.82578134023698,9.6,0.000999000999000999,3.22331314256343,TRUE
"small_ladder",32,5,9.58422099505443,0.000999000999000999,5.37559205563079,17.2102632334615,0.038961038961039,1.56435825309254,9.69893626655885,0.000999000999000999,2.75800200476266,TRUE
