"Model","Pattern_K","Pattern_Lambda","Pattern_MoransI","Clustered_Mean_K","Random_Mean_K","Dispersed_Mean_K","Clustered_Mean_Lambda","Random_Mean_Lambda","Dispersed_Mean_Lambda","Clustered_Mean_MoransI","Random_Mean_MoransI","Dispersed_Mean_MoransI"
"Lambda1",TRUE,FALSE,FALSE,1.13760053589969,0.989170624193961,0.970110140813728,0.517550557831043,0.644839581525785,0.647013000376897,-0.200187076846664,-0.087743429812694,-0.152009227219904
"Lambda0.7",FALSE,FALSE,FALSE,0.924370873369203,1.05426162439361,1.11997802600901,0.445140406090589,0.680037108650848,0.739131904883403,-0.220224251483205,-0.077393997596176,-0.138668454557175
"OU_alpha0.2",TRUE,FALSE,FALSE,0.964080950842479,0.583495484129734,0.516378877090851,0.423747397930433,0.501379953012936,0.426458105622614,-0.222400055348371,-0.198484303696624,-0.249959631412236
"OU_alpha1",FALSE,FALSE,FALSE,0.80626185079605,0.49694161391814,0.527705488074553,0.284533589563722,0.446091162131708,0.427995871090227,-0.248301449548231,-0.248067110958609,-0.239453035080006
"OU_alpha5",FALSE,FALSE,FALSE,0.831742408159674,0.4968542424715,0.60631628215135,0.335505610701245,0.457918522936742,0.454725395050952,-0.246406368898541,-0.249520007514311,-0.243566664084867
