"Metric","Observed","Null_Mean","Null_SD","Z_Score","P_Value","Percentile"
"MinPD",11,3.015,1.12251282176866,7.11350449201876,0.000999000999000999,1
"MeanPD",20.3894736842105,16.2097315789474,0.776528255659902,5.38260143761436,0.000999000999000999,1
"MeanNND",13.25,7.52385,0.73559144385472,7.78441626508494,0.000999000999000999,1
