"Subset_type","Subset_size","N_32","N_64","N_128","N_256","N_512"
"dispersed",8,"0.002997002997003","0.000999000999000999","0.000999000999000999","0.000999000999000999","0.000999000999000999"
"clustered",8,"0.034965034965035","0.0969030969030969","0.0809190809190809","0.113886113886114","0.0739260739260739"
"dispersed",16,"0.003996003996004","0.000999000999000999","0.000999000999000999","0.000999000999000999","0.000999000999000999"
"clustered",16,"0.000999000999000999","0.000999000999000999","0.000999000999000999","0.000999000999000999","0.000999000999000999"
"dispersed",32,"—","0.011988011988012","0.001998001998002","0.000999000999000999","0.000999000999000999"
"clustered",32,"—","0.000999000999000999","0.000999000999000999","0.000999000999000999","0.000999000999000999"
"dispersed",64,"—","—","0.01998001998002","0.000999000999000999","0.000999000999000999"
"clustered",64,"—","—","0.000999000999000999","0.000999000999000999","0.000999000999000999"
