"Subset type","Subset size","N_32","N_64","N_128","N_256","N_512"
"dispersed",8,"0.0639360639360639","0.011988011988012","0.001998001998002","0.001998001998002","0.001998001998002"
"dispersed",16,"0.252747252747253","0.0539460539460539","0.017982017982018","0.00599400599400599","0.001998001998002"
"dispersed",32,"—","0.227772227772228","0.0619380619380619","0.016983016983017","0.00999000999000999"
"dispersed",64,"—","—","0.244755244755245","0.0689310689310689","0.027972027972028"
"clustered",8,"0.000999000999000999","0.000999000999000999","0.000999000999000999","0.000999000999000999","0.000999000999000999"
"clustered",16,"0.000999000999000999","0.000999000999000999","0.000999000999000999","0.000999000999000999","0.000999000999000999"
"clustered",32,"—","0.000999000999000999","0.000999000999000999","0.000999000999000999","0.000999000999000999"
"clustered",64,"—","—","0.000999000999000999","0.000999000999000999","0.000999000999000999"
