"Covariance setting","N_128_s_8","N_128_s_64","N_512_s_8","N_512_s_64"
"h/H = 0.05","0.333333","1","1","1"
"h/H = 0.10","0.166667","1","0.166667","1"
"h/H = 0.25","0.166667","0.333333","0.166667","0.166667"
"h/H = 0.50","0.166667","0.5","0.166667","0.166667"
"h/H = 1.00","0.333333","0.166667","0.166667","0.166667"
