"Covariance setting","N_128_s_8","N_128_s_64","N_512_s_8","N_512_s_64"
"λ = 0.00","0.666667","1","1","1"
"λ = 0.10","0.666667","1","0.166667","1"
"λ = 0.25","0.166667","0.166667","0.333333","0.166667"
"λ = 0.50","0.166667","0.166667","0.166667","0.166667"
"λ = 0.75","0.166667","0.166667","0.166667","0.166667"
"λ = 1.00","0.333333","0.166667","0.166667","0.166667"
