"Covariance setting","N_128_s_8","N_128_s_64","N_512_s_8","N_512_s_64"
"h/H = 0.05","0.5","0.833333","0.166667","1"
"h/H = 0.10","0.666667","1","0.333333","1"
"h/H = 0.25","1","0.833333","0.666667","0.666667"
"h/H = 0.50","0.333333","0.666667","0.5","0.166667"
"h/H = 1.00","0.166667","0.333333","0.333333","0.166667"
