"Covariance setting","N_128_s_8","N_128_s_64","N_512_s_8","N_512_s_64"
"-1","0.000999000999000999","0.000999000999000999","0.000999000999000999","0.000999000999000999"
"-0.5","0.000999000999000999","0.000999000999000999","0.000999000999000999","0.000999000999000999"
"-0.1","0.000999000999000999","0.000999000999000999","0.000999000999000999","0.000999000999000999"
