"Subset_type","Subset_size","N_32","N_64","N_128","N_256","N_512"
"dispersed",8,"0.00699300699300699","0.000999000999000999","0.000999000999000999","0.000999000999000999","0.000999000999000999"
"clustered",8,"0.000999000999000999","0.000999000999000999","0.001998001998002","0.000999000999000999","0.000999000999000999"
"dispersed",16,"0.002997002997003","0.000999000999000999","0.000999000999000999","0.000999000999000999","0.000999000999000999"
"clustered",16,"0.000999000999000999","0.000999000999000999","0.000999000999000999","0.000999000999000999","0.000999000999000999"
"dispersed",32,"—","0.000999000999000999","0.000999000999000999","0.000999000999000999","0.000999000999000999"
"clustered",32,"—","0.000999000999000999","0.000999000999000999","0.000999000999000999","0.000999000999000999"
"dispersed",64,"—","—","0.002997002997003","0.000999000999000999","0.000999000999000999"
"clustered",64,"—","—","0.000999000999000999","0.000999000999000999","0.000999000999000999"
