"Comparison","MinPD_diff","MeanPD_diff","MeanNND_diff","A_better"
"A_vs_B",0.931782095273815,-0.536851134613183,0.0177387175028469,TRUE
"A_vs_C_meanpd_only",4.01424744063487,-3.44365498855922,3.4116588950805,TRUE
"A_vs_D_minpd_only",0,0,0,FALSE
"A_vs_E_meannnd_only",0.863697929609967,0.781236540497913,-0.188053918433197,TRUE
"C_vs_D",-4.01424744063487,3.44365498855922,-3.4116588950805,NA
"C_vs_E",-3.15054951102491,4.22489152905713,-3.5997128135137,NA
"D_vs_E",0.863697929609967,0.781236540497913,-0.188053918433197,NA
