"N","s","Random_mean","Random_sd","Random_min","Random_q50","Random_q95","Random_q99","Random_max","Clustered_observed","Clustered_percentile_vs_random","P_one_sided_clustered_greater"
128,64,0.967655326190319,0.0162333611569705,0.908696219084008,0.969696063200616,0.98318223017415,0.98318223017415,0.98318223017415,0.98318223017415,1,0.263
256,64,0.968734238275594,0.0179701218227223,0.907988486944791,0.969858823298999,0.99855090970876,0.99855090970876,0.99855090970876,0.980213665413055,0.724,0.316
512,64,0.969358285131237,0.0194461997678856,0.885274982170532,0.974506203339522,0.996592923844938,0.997475651353983,0.99855090970876,0.99077914307287,0.91,0.097
